{"cameraMode":{"drawMode":0,"name":"Shaded","section":"Shading Mode"},"sceneLighting":true,"audioPlay":false,"sceneViewState":{"m_AlwaysRefresh":false,"showFog":true,"showSkybox":true,"showFlares":true,"showImageEffects":true,"showParticleSystems":true,"showVisualEffectGraphs":true,"m_FxEnabled":true},"in2DMode":false,"pivot":{"x":0.4400647282600403,"y":0.8594809770584106,"z":0.1907583326101303},"rotation":{"x":0.5166897773742676,"y":-0.40474599599838259,"z":0.30267736315727236,"w":0.6911290884017944},"size":0.0013664248399436474,"orthographic":false}